{"cameraMode":{"drawMode":0,"name":"Shaded","section":"Shading Mode"},"sceneLighting":false,"audioPlay":false,"sceneViewState":{"m_AlwaysRefresh":false,"showFog":true,"showSkybox":false,"showFlares":true,"showImageEffects":true,"showParticleSystems":true,"showVisualEffectGraphs":true,"m_FxEnabled":true},"in2DMode":false,"pivot":{"x":-0.07053111493587494,"y":0.002195646520704031,"z":0.04107724875211716},"rotation":{"x":0.04104934260249138,"y":0.5081448554992676,"z":-0.024259353056550027,"w":0.8599594831466675},"size":0.8269057869911194,"orthographic":false}